symbol,qty,entry_time,exit_time,raw_entry,entry_price,raw_exit,exit_price,stop,target,exit_reason,gross_pnl,costs,net_pnl,initial_risk,reasons,r_multiple
PFE,243,2026-08-19 10:40:00-04:00,2026-08-19 11:45:00-04:00,28.327999114990234,28.335831914901732,28.09,28.082191,28.09,28.803997344970703,stop hit,-57.83378494262699,4.0310018115748605,-61.86478675420185,57.83378494262699,5-min close above opening-range high;closed above session VWAP and the day's open;SPY and QQQ above their VWAP;reward/risk to prior-day high >= 2.0 (or no overhead high),-1.07
MSTR,61,2026-08-24 10:55:00-04:00,2026-08-24 11:05:00-04:00,123.76000213623047,123.79094213676453,125.5000064086914,125.5000064086914,122.89,125.5000064086914,target hit,106.14026062011712,2.110288943445468,104.02997167667165,53.07013031005856,5-min close above opening-range high;closed above session VWAP and the day's open;SPY and QQQ above their VWAP;reward/risk to prior-day high >= 2.0 (or no overhead high),1.96
CRM,26,2026-08-27 10:10:00-04:00,2026-08-27 11:50:00-04:00,246.16000366210938,246.2215436630249,243.84,243.77904,243.84,250.80001098632812,stop hit,-60.32009521484366,3.3655195139155794,-63.68561472875924,60.32009521484366,5-min close above opening-range high;closed above session VWAP and the day's open;SPY and QQQ above their VWAP;reward/risk to prior-day high >= 2.0 (or no overhead high),-1.056
CRWD,20,2026-08-27 10:05:00-04:00,2026-08-27 15:25:00-04:00,221.64999389648438,221.7054063949585,227.44998168945312,227.44998168945312,218.75,227.44998168945312,target hit,115.999755859375,1.2380321593015822,114.76172370007342,57.9998779296875,5-min close above opening-range high;closed above session VWAP and the day's open;SPY and QQQ above their VWAP;reward/risk to prior-day high >= 2.0 (or no overhead high),1.979
CRM,18,2026-08-28 09:50:00-04:00,2026-08-28 15:50:00-04:00,259.8699951171875,259.93496261596675,256.56,256.49586,256.56,266.4899853515625,stop hit,-59.57991210937496,2.4552735063707303,-62.03518561574569,59.57991210937496,5-min close above opening-range high;closed above session VWAP and the day's open;SPY and QQQ above their VWAP;reward/risk to prior-day high >= 2.0 (or no overhead high),-1.041
TSLA,15,2026-09-03 09:50:00-04:00,2026-09-03 09:55:00-04:00,377.42999267578125,377.52435017395015,373.7,373.60657499999996,373.7,384.8899780273438,stop hit,-55.94989013671892,2.9750214143089266,-58.92491155102785,55.94989013671892,5-min close above opening-range high;closed above session VWAP and the day's open;SPY and QQQ above their VWAP;reward/risk to prior-day high >= 2.0 (or no overhead high),-1.053
GM,170,2026-09-09 10:30:00-04:00,2026-09-09 10:40:00-04:00,86.0999984741211,86.12152347373961,85.78,85.758555,85.78,86.73999542236328,stop hit,-54.399740600585744,7.738414866078514,-62.13815546666426,54.399740600585744,5-min close above opening-range high;closed above session VWAP and the day's open;SPY and QQQ above their VWAP;reward/risk to prior-day high >= 2.0 (or no overhead high),-1.142
GM,211,2026-09-10 09:50:00-04:00,2026-09-10 10:00:00-04:00,84.55999755859375,84.5811375579834,84.38,84.358905,84.38,84.91999267578126,stop hit,-37.97948486328221,9.441443336164923,-47.42092819944713,37.97948486328221,5-min close above opening-range high;closed above session VWAP and the day's open;SPY and QQQ above their VWAP;reward/risk to prior-day high >= 2.0 (or no overhead high),-1.249
IWM,85,2026-09-10 10:30:00-04:00,2026-09-10 10:40:00-04:00,289.2799987792969,289.3523187789917,288.84,288.76779,288.84,290.1599963378907,stop hit,-37.3998962402365,12.981518261826508,-50.38141450206301,37.3998962402365,5-min close above opening-range high;closed above session VWAP and the day's open;SPY and QQQ above their VWAP;reward/risk to prior-day high >= 2.0 (or no overhead high),-1.347
GOOGL,33,2026-09-14 09:50:00-04:00,2026-09-14 10:15:00-04:00,346.1099853515625,346.19651284790035,344.37,344.2839075,344.37,349.5899560546875,stop hit,-57.41951660156235,6.017783935889803,-63.43730053745215,57.41951660156235,5-min close above opening-range high;closed above session VWAP and the day's open;SPY and QQQ above their VWAP;reward/risk to prior-day high >= 2.0 (or no overhead high),-1.105
ORCL,23,2026-09-14 09:50:00-04:00,2026-09-14 10:25:00-04:00,144.74000549316406,144.77619049453736,142.21,142.1744475,142.21,149.80001647949217,stop hit,-58.190126342773254,1.7446868733172138,-59.93481321609047,58.190126342773254,5-min close above opening-range high;closed above session VWAP and the day's open;SPY and QQQ above their VWAP;reward/risk to prior-day high >= 2.0 (or no overhead high),-1.03
ARM,11,2026-09-21 09:55:00-04:00,2026-09-21 11:00:00-04:00,305.29998779296875,305.376312789917,315.1799633789062,315.1799633789062,300.36,315.1799633789062,target hit,108.6797314453122,0.9377829992319562,107.74194844608024,54.3398657226561,5-min close above opening-range high;closed above session VWAP and the day's open;SPY and QQQ above their VWAP;reward/risk to prior-day high >= 2.0 (or no overhead high),1.983
AMD,8,2026-09-21 09:55:00-04:00,2026-09-21 15:55:00-04:00,606.75,606.9016875,615.9400024414062,615.786017440796,600.1,620.05,end-of-day flatten,73.52001953125,2.5836588151611153,70.93636071608888,53.19999999999982,5-min close above opening-range high;closed above session VWAP and the day's open;SPY and QQQ above their VWAP;reward/risk to prior-day high >= 2.0 (or no overhead high),1.333
UNH,52,2026-09-24 10:35:00-04:00,2026-09-24 10:40:00-04:00,373.9200134277344,374.0134934310913,373.06,372.966735,373.06,375.6400402832031,stop hit,-44.72069824218738,10.25853288667576,-54.97923112886314,44.72069824218738,5-min close above opening-range high;closed above session VWAP and the day's open;SPY and QQQ above their VWAP;reward/risk to prior-day high >= 2.0 (or no overhead high),-1.229
META,7,2026-09-24 10:10:00-04:00,2026-09-24 15:55:00-04:00,766.6353149414062,766.8269737701415,779.0599975585938,778.8652325592041,758.99,781.9259448242187,end-of-day flatten,86.9727783203125,2.857695971130852,84.11508234918165,53.517204589843686,5-min close above opening-range high;closed above session VWAP and the day's open;SPY and QQQ above their VWAP;reward/risk to prior-day high >= 2.0 (or no overhead high),1.572
COST,10,2026-09-25 09:50:00-04:00,2026-09-25 09:55:00-04:00,918.60498046875,918.8346317138672,913.53,913.3016174999999,913.53,928.75494140625,stop hit,-50.74980468750027,4.835895300837912,-55.585699988338185,50.74980468750027,5-min close above opening-range high;closed above session VWAP and the day's open;SPY and QQQ above their VWAP;reward/risk to prior-day high >= 2.0 (or no overhead high),-1.095
DDOG,20,2026-09-25 09:50:00-04:00,2026-09-25 10:00:00-04:00,277.989990234375,278.0594877319336,275.74,275.671065,275.74,282.489970703125,stop hit,-44.99980468749982,2.925243063311939,-47.92504775081176,44.99980468749982,5-min close above opening-range high;closed above session VWAP and the day's open;SPY and QQQ above their VWAP;reward/risk to prior-day high >= 2.0 (or no overhead high),-1.065
IWM,56,2026-10-02 10:50:00-04:00,2026-10-02 10:50:00-04:00,283.4800109863281,283.5508809890747,283.09,283.0192275,283.09,284.2600329589844,stopped on the entry bar,-21.8406152343764,8.381880487178762,-30.222495721555163,21.8406152343764,5-min close above opening-range high;closed above session VWAP and the day's open;SPY and QQQ above their VWAP;reward/risk to prior-day high >= 2.0 (or no overhead high),-1.384
NKE,260,2026-10-02 10:20:00-04:00,2026-10-02 10:55:00-04:00,33.27000045776367,33.27832745780945,33.06,33.051694,33.06,33.69000137329101,stop hit,-54.600119018554096,4.6066376561363995,-59.206756674690496,54.600119018554096,5-min close above opening-range high;closed above session VWAP and the day's open;SPY and QQQ above their VWAP;reward/risk to prior-day high >= 2.0 (or no overhead high),-1.084
JPM,75,2026-10-08 10:05:00-04:00,2026-10-08 10:15:00-04:00,328.7850036621094,328.86719991302493,328.29,328.20792750000004,328.29,329.7750109863281,stop hit,-37.12527465820159,13.016919847502955,-50.142194505704545,37.12527465820159,5-min close above opening-range high;closed above session VWAP and the day's open;SPY and QQQ above their VWAP;reward/risk to prior-day high >= 2.0 (or no overhead high),-1.351
